<?xml version="1.0" encoding="UTF-8"?>
<ServiceConfiguration xmlns="http://www.cagrid.org/1/grape-service-configuration"
    xmlns:xsi="http://www.w3.org/2001/XMLSchema-instance">
    <ServiceGroupDescription>Grid Grouper Service(s)</ServiceGroupDescription>
    <Services>
        <ServiceDescriptor>
            <DisplayName>caBIG Staging</DisplayName>
            <ServiceURL>https://cagrid-gridgrouper-stage.nci.nih.gov:8443/wsrf/services/cagrid/GridGrouper</ServiceURL>
            <ServiceIdentity>/O=caBIG/OU=caGrid/OU=Stage LOA1/OU=Services/CN=cagrid-gridgrouper-stage.nci.nih.gov</ServiceIdentity>
        </ServiceDescriptor>
    </Services>
</ServiceConfiguration>
