<ns1:SyncDescription xmlns:ns1="http://cagrid.nci.nih.gov/12/SyncGTS" xmlns:xsi="http://www.w3.org/2001/XMLSchema-instance">
	<ns1:SyncDescriptor>
		<ns1:gtsServiceURI>https://cagrid-gts-slave-qa.nci.nih.gov:8443/wsrf/services/cagrid/GTS</ns1:gtsServiceURI>
		<ns1:Expiration hours="12" minutes="0" seconds="0"/>
		<ns1:TrustedAuthorityFilter xsi:type="ns2:TrustedAuthorityFilter" xmlns:ns2="http://cagrid.nci.nih.gov/8/gts">
 		  <ns2:Lifetime xsi:type="ns2:Lifetime">Valid</ns2:Lifetime> 
  		  <ns2:Status xsi:type="ns2:Status">Trusted</ns2:Status> 	
      </ns1:TrustedAuthorityFilter>
		<ns1:PerformAuthorization>true</ns1:PerformAuthorization>
		<ns1:GTSIdentity>/O=caBIG/OU=caGrid/OU=QA Trust Fabric/CN=host/cagrid-gts-slave-qa.nci.nih.gov</ns1:GTSIdentity>	
	</ns1:SyncDescriptor>
	<ns1:ExcludedCAs>
		<ns1:CASubject>O=caBIG,OU=caGrid,OU=QA Trust Fabric,CN=caGrid QA Trust Fabric Certificate Authority</ns1:CASubject>
	</ns1:ExcludedCAs>
	<ns1:DeleteInvalidFiles>false</ns1:DeleteInvalidFiles>
	<ns1:CacheSize>
		<ns1:year>0</ns1:year>
		<ns1:month>1</ns1:month>
		<ns1:day>0</ns1:day>
	</ns1:CacheSize>
	<ns1:NextSync>600</ns1:NextSync>
</ns1:SyncDescription>