<?xml version="1.0" encoding="UTF-8"?>
<ServiceConfiguration xmlns="http://www.cagrid.org/1/grape-service-configuration"
    xmlns:xsi="http://www.w3.org/2001/XMLSchema-instance">
    <ServiceGroupDescription>Grid Trust Service(s)</ServiceGroupDescription>
    <Services>
        <ServiceDescriptor>
            <DisplayName>caBIG Staging Master</DisplayName>
            <ServiceURL>https://cagrid-gts-master-stage.nci.nih.gov:8443/wsrf/services/cagrid/GTS</ServiceURL>
            <ServiceIdentity>/O=caBIG/OU=caGrid/OU=Stage Trust Fabric/CN=host/cagrid-gts-master-stage.nci.nih.gov</ServiceIdentity>
        </ServiceDescriptor>
        <ServiceDescriptor>
            <DisplayName>caBIG Staging Slave</DisplayName>
            <ServiceURL>https://cagrid-gts-slave-stage.nci.nih.gov:8443/wsrf/services/cagrid/GTS</ServiceURL>
            <ServiceIdentity>/O=caBIG/OU=caGrid/OU=Stage Trust Fabric/CN=host/cagrid-gts-slave-stage.nci.nih.gov</ServiceIdentity>
        </ServiceDescriptor>
    </Services>
</ServiceConfiguration>
