<?xml version="1.0" encoding="ISO-8859-1" ?>
<!DOCTYPE tiles-definitions PUBLIC
       "-//Apache Software Foundation//DTD tiles Configuration 1.1//EN" "http://jakarta.apache.org/struts/dtds/tiles-config_1_1.dtd">


<tiles-definitions>

	<!-- Base layouts -->
	<definition name="Base" page="/pages/layout/BaseLayout.jsp">
		<put name="OrgHeader" value="/pages/header/OrgHeader.jsp" />
		<put name="AppHeader" value="/pages/header/AppHeader.jsp" />
		<put name="AppMenu" value="/pages/menu/MainMenu.jsp"/>
		<put name="AppAdminMenu" value="/pages/menu/SuperAdminMenu.jsp"/>		
		<put name="AppFooter" value="/pages/footer/AppFooter.jsp" />
		<put name="OrgFooter" value="/pages/footer/OrgFooter.jsp" />
		<put name="Title" type="string"	value="NCI Security Admin Application" />
	</definition>

	<!-- Pages Begin -->
	
	<!-- Login Pages -->
	<definition name="Tiles.Login.Page" extends="Base">
		<put name="Content" value="/pages/content/main/Login.jsp" />
	</definition>
	
	<!-- Footer Pages -->
	<definition name="Tiles.Footer.Accessibility" extends="Base">
		<put name="Content" value="/pages/content/footer/Accessibility.jsp" />
	</definition>
	<definition name="Tiles.Footer.ContactUs" extends="Base">
		<put name="Content" value="/pages/content/footer/ContactUs.jsp" />
	</definition>
	<definition name="Tiles.Footer.Privacy" extends="Base">
		<put name="Content" value="/pages/content/footer/Privacy.jsp" />
	</definition>
	<definition name="Tiles.Footer.ApplicationSupport" extends="Base">
		<put name="Content" value="/pages/content/footer/ApplicationSupport.jsp" />
	</definition>
	<definition name="Tiles.Footer.Disclaimer" extends="Base">
		<put name="Content" value="/pages/content/footer/Disclaimer.jsp" />
	</definition>
	
	<!-- Error Pages -->
	<definition name="Tiles.500.Error.Page" extends="Base">
		<put name="Content" value="/pages/content/main/Error500.jsp" />
	</definition>
	<definition name="Tiles.500.Error.DetailsPage" extends="Base">
		<put name="Content" value="/pages/content/main/ErrorDetails.jsp" />
	</definition>
	
	<!-- Home Pages -->
	<definition name="Tiles.Home.Page" extends="Base">
		<put name="Content" value="/pages/content/home/MainHome.jsp" />
	</definition>
	<definition name="Tiles.SuperAdmin.Home.Page" extends="Base">
		<put name="Content" value="/pages/content/home/SuperAdminHome.jsp" />
	</definition>
	<definition name="Tiles.Role.Home" extends="Base">
		<put name="Content" value="/pages/content/home/RoleHome.jsp" />
	</definition>
	<definition name="Tiles.Application.Home" extends="Base">
		<put name="Content" value="/pages/content/home/ApplicationHome.jsp" />
	</definition>
	<definition name="Tiles.User.Home" extends="Base">
		<put name="Content" value="/pages/content/home/UserHome.jsp" />
	</definition>
	<definition name="Tiles.Group.Home" extends="Base">
		<put name="Content" value="/pages/content/home/GroupHome.jsp" />
	</definition>
	<definition name="Tiles.Privilege.Home" extends="Base">
		<put name="Content" value="/pages/content/home/PrivilegeHome.jsp" />
	</definition>
	<definition name="Tiles.ProtectionGroup.Home" extends="Base">
		<put name="Content" value="/pages/content/home/ProtectionGroupHome.jsp" />
	</definition>
	<definition name="Tiles.ProtectionElement.Home" extends="Base">
		<put name="Content" value="/pages/content/home/ProtectionElementHome.jsp" />
	</definition>

	<!-- Detail Screens -->
	<definition name="Tiles.Role.Detail.Screen" extends="Base">
		<put name="Content" value="/pages/content/detailScreen/RoleDetailScreen.jsp" />
	</definition>	
	<definition name="Tiles.Application.Detail.Screen" extends="Base">
		<put name="Content" value="/pages/content/detailScreen/ApplicationDetailScreen.jsp" />
	</definition>	
	<definition name="Tiles.Group.Detail.Screen" extends="Base">
		<put name="Content" value="/pages/content/detailScreen/GroupDetailScreen.jsp" />
	</definition>	
	<definition name="Tiles.Privilege.Detail.Screen" extends="Base">
		<put name="Content" value="/pages/content/detailScreen/PrivilegeDetailScreen.jsp" />
	</definition>
	<definition name="Tiles.User.Detail.Screen" extends="Base">
		<put name="Content" value="/pages/content/detailScreen/UserDetailScreen.jsp" />
	</definition>
	<definition name="Tiles.ProtectionGroup.Detail.Screen" extends="Base">
		<put name="Content" value="/pages/content/detailScreen/ProtectionGroupDetailScreen.jsp" />
	</definition>
	<definition name="Tiles.ProtectionElement.Detail.Screen" extends="Base">
		<put name="Content" value="/pages/content/detailScreen/ProtectionElementDetailScreen.jsp" />
	</definition>
	
	
	<!-- Search Result Pages -->
	<definition name="Tiles.Privilege.Search.Result" extends="Base">
		<put name="Content" value="/pages/content/searchResult/PrivilegeSearchResult.jsp" />
	</definition>	
	<definition name="Tiles.Role.Search.Result" extends="Base">
		<put name="Content" value="/pages/content/searchResult/RoleSearchResult.jsp" />
	</definition>
	<definition name="Tiles.Application.Search.Result" extends="Base">
		<put name="Content" value="/pages/content/searchResult/ApplicationSearchResult.jsp" />
	</definition>
	<definition name="Tiles.ProtectionGroup.Search.Result" extends="Base">
		<put name="Content" value="/pages/content/searchResult/ProtectionGroupSearchResult.jsp" />
	</definition>
	<definition name="Tiles.Group.Search.Result" extends="Base">
		<put name="Content" value="/pages/content/searchResult/GroupSearchResult.jsp" />
	</definition>
	<definition name="Tiles.ProtectionElement.Search.Result" extends="Base">
		<put name="Content" value="/pages/content/searchResult/ProtectionElementSearchResult.jsp" />
	</definition>
	<definition name="Tiles.User.Search.Result" extends="Base">
		<put name="Content" value="/pages/content/searchResult/UserSearchResult.jsp" />
	</definition>
	
	<!-- Association Pages -->
	<definition name="Tiles.Role.Association.Screen" extends="Base">
		<put name="Content" value="/pages/content/association/RoleAssociation.jsp" />
	</definition>
	<definition name="Tiles.Application.Association.Screen" extends="Base">
		<put name="Content" value="/pages/content/association/ApplicationAssociation.jsp" />
	</definition>
	<definition name="Tiles.User.Association.Screen" extends="Base">
		<put name="Content" value="/pages/content/association/UserAssociation.jsp" />
	</definition>
	<definition name="Tiles.User.DoubleAssociation.Screen" extends="Base">
		<put name="Content" value="/pages/content/association/UserDoubleAssociation.jsp" />
	</definition>
	<definition name="Tiles.User.ProtectionGroupAssociation.Screen" extends="Base">
		<put name="Content" value="/pages/content/association/UserProtectionGroupRoleAssociation.jsp" />
	</definition>
	<definition name="Tiles.Group.DoubleAssociation.Screen" extends="Base">
		<put name="Content" value="/pages/content/association/GroupDoubleAssociation.jsp" />
	</definition>
	<definition name="Tiles.Group.ProtectionGroupAssociation.Screen" extends="Base">
		<put name="Content" value="/pages/content/association/GroupProtectionGroupRoleAssociation.jsp" />
	</definition>
	<definition name="Tiles.ProtectionGroup.Association.Screen" extends="Base">
		<put name="Content" value="/pages/content/association/ProtectionGroupAssociation.jsp" />
	</definition>
	<definition name="Tiles.ProtectionGroup.ParentAssociation.Screen" extends="Base">
		<put name="Content" value="/pages/content/association/ProtectionGroupParentAssociation.jsp" />
	</definition>
	<definition name="Tiles.ProtectionElement.Association.Screen" extends="Base">
		<put name="Content" value="/pages/content/association/ProtectionElementAssociation.jsp" />
	</definition>

</tiles-definitions>